symbol,expiry_date,snapshot_date,futures_price,prev_price,price_chg_pct,open_interest,oi_change,oi_chg_pct,volume_contracts,buildup_type,buildup_strength,company_name,sector,market_cap_tier,is_nifty50,is_banknifty,is_nifty_next50,has_earnings_this_week,earnings_date,days_to_earnings
ABCAPITAL,2026-05-26,2026-05-26,363.05,364.35,-0.36,939300,-6643300,-87.61,2878,Neutral,Weak,Aditya Birla Capital,Financial Services,mid,False,False,False,False,,
ADANIENT,2026-05-26,2026-05-26,2969.3,2848.3,4.25,1815066,-2256318,-55.42,13135,Short Covering,Strong,Adani Enterprises,Diversified,large,True,False,False,False,,
ADANIPORTS,2026-05-26,2026-05-26,1811.2,1804.8,0.35,3183450,-1612150,-33.62,5929,Neutral,Weak,Adani Ports,Infrastructure,large,True,False,False,False,,
ALKEM,2026-05-26,2026-05-26,5380.0,5422.0,-0.77,24500,-63750,-72.24,1139,Long Unwinding,Moderate,Alkem Laboratories,Pharmaceuticals,mid,False,False,False,True,2026-05-28,1.0
AMBUJACEM,2026-05-26,2026-05-26,449.7,443.15,1.48,5070450,-5722500,-53.02,11327,Short Covering,Moderate,Ambuja Cements,Cement,mid,False,False,True,False,,
APOLLOHOSP,2026-05-26,2026-05-26,8258.5,8398.5,-1.67,304500,-69375,-18.56,1755,Long Unwinding,Moderate,Apollo Hospitals,Healthcare,large,True,False,False,False,,
ASHOKLEY,2026-05-26,2026-05-26,160.54,164.17,-2.21,16820000,-21465000,-56.07,6779,Long Unwinding,Strong,Ashok Leyland,Automobile,mid,False,False,False,True,2026-05-28,1.0
ASIANPAINT,2026-05-26,2026-05-26,2647.0,2657.8,-0.41,2528750,-785250,-23.69,7116,Neutral,Weak,Asian Paints,Consumer Goods,large,True,False,False,True,2026-05-29,2.0
ASTRAL,2026-05-26,2026-05-26,1578.5,1559.2,1.24,1181925,-640475,-35.14,4692,Short Covering,Moderate,Astral,Infrastructure,mid,False,False,False,False,,
AUBANK,2026-05-26,2026-05-26,1011.8,1000.9,1.09,1105000,-2163000,-66.19,3454,Short Covering,Moderate,AU Small Finance Bank,Banking,mid,False,True,False,False,,
AUROPHARMA,2026-05-26,2026-05-26,1461.2,1460.6,0.04,1676950,-754600,-31.03,2361,Neutral,Weak,Aurobindo Pharma,Pharmaceuticals,mid,False,False,False,False,,
AXISBANK,2026-05-26,2026-05-26,1299.3,1308.8,-0.73,6693125,-1834375,-21.51,11556,Neutral,Weak,Axis Bank,Banking,large,True,True,False,False,,
BAJAJ-AUTO,2026-05-26,2026-05-26,10593.0,10461.0,1.26,469950,-279075,-37.26,7659,Short Covering,Moderate,Bajaj Auto,Automobile,large,True,False,False,False,,
BAJAJFINSV,2026-05-26,2026-05-26,1800.7,1806.2,-0.3,1613750,-100000,-5.84,5640,Neutral,Weak,Bajaj Finserv,Financial Services,large,True,False,False,False,,
BAJFINANCE,2026-05-26,2026-05-26,930.2,944.25,-1.49,1193250,-1399500,-53.98,4435,Long Unwinding,Moderate,Bajaj Finance,Financial Services,large,True,False,False,False,,
BANDHANBNK,2026-05-26,2026-05-26,200.4,197.52,1.46,3412800,-7513200,-68.76,4900,Short Covering,Moderate,Bandhan Bank,Banking,mid,False,True,False,False,,
BANKBARODA,2026-05-26,2026-05-26,270.55,272.85,-0.84,14332500,-11018475,-43.46,5453,Long Unwinding,Moderate,Bank of Baroda,Banking,mid,False,False,True,False,,
BEL,2026-05-26,2026-05-26,420.1,421.75,-0.39,7938675,-16438800,-67.43,15285,Neutral,Weak,Bharat Electronics,Capital Goods,large,True,False,False,False,,
BHARTIARTL,2026-05-26,2026-05-26,1846.9,1877.7,-1.64,4581850,-705375,-13.34,10013,Long Unwinding,Moderate,Bharti Airtel,Telecom,large,True,False,False,False,,
BHEL,2026-05-26,2026-05-26,417.75,420.1,-0.56,11082750,-9967125,-47.35,9235,Neutral,Weak,BHEL,Infrastructure,mid,False,False,True,False,,
BIOCON,2026-05-26,2026-05-26,436.15,430.55,1.3,2785000,-2982500,-51.71,2637,Short Covering,Moderate,Biocon,Pharmaceuticals,mid,False,False,False,False,,
BOSCHLTD,2026-05-26,2026-05-26,35835.0,36425.0,-1.62,15325,-23300,-60.32,1567,Long Unwinding,Moderate,Bosch,Automobile,mid,False,False,True,False,,
BPCL,2026-05-26,2026-05-26,304.6,308.25,-1.18,7672875,-2913125,-27.52,2595,Long Unwinding,Moderate,BPCL,Oil & Gas,large,False,False,False,False,,
BRITANNIA,2026-05-26,2026-05-26,5338.0,5339.5,-0.03,439000,-191250,-30.35,3956,Neutral,Weak,Britannia Industries,Consumer Goods,large,False,False,False,False,,
CAMS,2026-05-26,2026-05-26,773.15,771.6,0.2,1446000,-300000,-17.18,1567,Neutral,Weak,CAMS,Financial Services,mid,False,False,False,False,,
CANBK,2026-05-26,2026-05-26,133.15,133.94,-0.59,12048750,-38319750,-76.08,7273,Neutral,Weak,Canara Bank,Banking,mid,False,False,True,False,,
CHOLAFIN,2026-05-26,2026-05-26,1567.3,1587.5,-1.27,1176875,-879375,-42.77,2191,Long Unwinding,Moderate,Cholamandalam Finance,Financial Services,mid,False,False,True,False,,
CIPLA,2026-05-26,2026-05-26,1417.5,1412.6,0.35,1837125,-441375,-19.37,4803,Neutral,Weak,Cipla,Pharmaceuticals,large,True,False,False,False,,
COALINDIA,2026-05-26,2026-05-26,458.15,460.1,-0.42,4252500,-2658150,-38.46,9032,Neutral,Weak,Coal India,Metals & Mining,large,True,False,False,False,,
COFORGE,2026-05-26,2026-05-26,1422.8,1400.3,1.61,3424500,-304875,-8.17,7317,Short Covering,Moderate,Coforge,Information Technology,mid,False,False,False,False,,
COLPAL,2026-05-26,2026-05-26,2077.1,2108.9,-1.51,181125,-395550,-68.59,3395,Long Unwinding,Moderate,Colgate Palmolive,Consumer Goods,mid,False,False,True,False,,
CONCOR,2026-05-26,2026-05-26,475.9,512.65,-7.17,4266250,-3020000,-41.45,4558,Long Unwinding,Strong,Container Corporation,Infrastructure,mid,False,False,False,False,,
CROMPTON,2026-05-26,2026-05-26,289.05,293.75,-1.6,1585800,-4606200,-74.39,4474,Long Unwinding,Moderate,Crompton Greaves Consumer,Consumer Goods,mid,False,False,False,False,,
CUMMINSIND,2026-05-26,2026-05-26,5418.5,5383.0,0.66,300000,-343200,-53.36,2681,Neutral,Weak,Cummins India,Infrastructure,mid,False,False,False,True,2026-05-27,0.0
DABUR,2026-05-26,2026-05-26,447.6,447.1,0.11,797500,-1760000,-68.82,2307,Neutral,Weak,Dabur India,Consumer Goods,mid,False,False,True,False,,
DALBHARAT,2026-05-26,2026-05-26,1785.6,1827.5,-2.29,702325,-260325,-27.04,1433,Long Unwinding,Strong,Dalmia Bharat,Cement,mid,False,False,False,False,,
DELHIVERY,2026-05-26,2026-05-26,463.5,455.5,1.76,1162000,-2494150,-68.22,2298,Short Covering,Moderate,Delhivery,Infrastructure,mid,False,False,False,False,,
DIVISLAB,2026-05-26,2026-05-26,6753.0,6784.0,-0.46,253700,-101700,-28.62,2677,Neutral,Weak,Divis Laboratories,Pharmaceuticals,large,False,False,False,False,,
DLF,2026-05-26,2026-05-26,589.8,593.35,-0.6,1426425,-4318050,-75.17,7540,Neutral,Weak,DLF,Real Estate,large,False,False,False,False,,
DRREDDY,2026-05-26,2026-05-26,1327.9,1337.4,-0.71,5315000,-475000,-8.2,6915,Neutral,Weak,Dr Reddys Laboratories,Pharmaceuticals,large,True,False,False,False,,
EICHERMOT,2026-05-26,2026-05-26,7376.0,7424.5,-0.65,193900,-102400,-34.56,1860,Neutral,Weak,Eicher Motors,Automobile,large,True,False,False,False,,
ETERNAL,2026-05-26,2026-05-26,250.17,248.13,0.82,7146475,-26864150,-78.99,16376,Short Covering,Moderate,Eternal,Consumer Services,large,True,False,False,False,,
EXIDEIND,2026-05-26,2026-05-26,366.25,346.9,5.58,1872000,-2881800,-60.62,3899,Short Covering,Strong,Exide Industries,Automobile,mid,False,False,False,False,,
FEDERALBNK,2026-05-26,2026-05-26,290.2,289.25,0.33,7522500,-5375000,-41.67,4583,Neutral,Weak,Federal Bank,Banking,mid,False,True,False,False,,
FORTIS,2026-05-26,2026-05-26,966.6,970.85,-0.44,189100,-454150,-70.6,1160,Neutral,Weak,Fortis Healthcare,Healthcare,mid,False,False,False,False,,
GAIL,2026-05-26,2026-05-26,167.63,168.47,-0.5,7575750,-3669750,-32.63,3825,Neutral,Weak,GAIL,Oil & Gas,large,False,False,True,False,,
GODREJCP,2026-05-26,2026-05-26,1031.8,1020.6,1.1,1083500,-890000,-45.1,2702,Short Covering,Moderate,Godrej Consumer Products,Consumer Goods,mid,False,False,True,False,,
GODREJPROP,2026-05-26,2026-05-26,1760.2,1768.7,-0.48,278575,-509575,-64.65,4528,Neutral,Weak,Godrej Properties,Real Estate,mid,False,False,False,False,,
GRASIM,2026-05-26,2026-05-26,3165.0,3172.2,-0.23,479250,-793500,-62.35,5505,Neutral,Weak,Grasim Industries,Diversified,large,True,False,False,False,,
HAL,2026-05-26,2026-05-26,4427.7,4426.7,0.02,678150,-983100,-59.18,10224,Neutral,Weak,Hindustan Aeronautics,Defence,large,False,False,False,False,,
HAVELLS,2026-05-26,2026-05-26,1201.0,1205.7,-0.39,1812500,-2002000,-52.48,4945,Neutral,Weak,Havells India,Consumer Goods,large,False,False,True,False,,
HCLTECH,2026-05-26,2026-05-26,1161.9,1169.0,-0.61,2802450,-2086000,-42.67,11338,Neutral,Weak,HCL Technologies,Information Technology,large,True,False,False,False,,
HDFCAMC,2026-05-26,2026-05-26,2739.8,2763.2,-0.85,678900,-206100,-23.29,1698,Long Unwinding,Moderate,HDFC AMC,Financial Services,large,False,False,True,False,,
HDFCBANK,2026-05-26,2026-05-26,778.9,787.55,-1.1,6763350,-15802050,-70.03,36850,Long Unwinding,Moderate,HDFC Bank,Banking,large,True,True,False,False,,
HDFCLIFE,2026-05-26,2026-05-26,618.85,619.25,-0.06,4588100,-3264800,-41.57,4991,Neutral,Weak,HDFC Life,Financial Services,large,True,False,False,False,,
HEROMOTOCO,2026-05-26,2026-05-26,4983.0,4987.5,-0.09,450750,-459450,-50.48,4762,Neutral,Weak,Hero MotoCorp,Automobile,large,False,False,False,False,,
HINDALCO,2026-05-26,2026-05-26,1103.8,1099.6,0.38,2204300,-1439900,-39.51,4540,Neutral,Weak,Hindalco Industries,Metals & Mining,large,True,False,False,False,,
HINDUNILVR,2026-05-26,2026-05-26,2209.4,2202.4,0.32,1516200,-877200,-36.65,5314,Neutral,Weak,Hindustan Unilever,Consumer Goods,large,True,False,False,False,,
ICICIBANK,2026-05-26,2026-05-26,1279.1,1290.9,-0.91,15957200,-6649300,-29.41,29528,Long Unwinding,Moderate,ICICI Bank,Banking,large,True,True,False,False,,
ICICIGI,2026-05-26,2026-05-26,1860.3,1858.1,0.12,136175,-208000,-60.43,1776,Neutral,Weak,ICICI Lombard,Financial Services,large,False,False,True,False,,
ICICIPRULI,2026-05-26,2026-05-26,522.7,527.0,-0.82,2408700,-897250,-27.14,2357,Long Unwinding,Moderate,ICICI Prudential Life,Financial Services,large,False,False,False,False,,
IDFCFIRSTB,2026-05-26,2026-05-26,70.22,69.67,0.79,17492650,-44288125,-71.69,8173,Short Covering,Moderate,IDFC First Bank,Banking,mid,False,True,False,False,,
IEX,2026-05-26,2026-05-26,127.47,127.83,-0.28,4181250,-10601250,-71.71,4721,Neutral,Weak,Indian Energy Exchange,Financial Services,mid,False,False,True,False,,
INDHOTEL,2026-05-26,2026-05-26,657.15,663.9,-1.02,760000,-2040000,-72.86,2898,Long Unwinding,Moderate,Indian Hotels,Consumer Goods,mid,False,False,True,False,,
INDIANB,2026-05-26,2026-05-26,833.55,840.3,-0.8,1357000,-1440000,-51.48,2495,Long Unwinding,Moderate,Indian Bank,Banking,mid,False,False,False,False,,
INDIGO,2026-05-26,2026-05-26,4480.8,4481.6,-0.02,1473450,-51300,-3.36,13060,Neutral,Weak,IndiGo,Consumer Goods,large,True,False,False,True,2026-05-29,2.0
INDUSINDBK,2026-05-26,2026-05-26,932.3,928.35,0.43,1821400,-2116100,-53.74,4842,Neutral,Weak,IndusInd Bank,Banking,large,False,True,False,False,,
INDUSTOWER,2026-05-26,2026-05-26,433.25,439.35,-1.39,5596400,-7692500,-57.89,7177,Long Unwinding,Moderate,Indus Towers,Telecom,large,False,False,True,False,,
INFY,2026-05-26,2026-05-26,1167.7,1169.7,-0.17,5922800,-4764000,-44.58,23821,Neutral,Weak,Infosys,Information Technology,large,True,False,False,False,,
IOC,2026-05-26,2026-05-26,142.38,144.23,-1.28,10091250,-5806125,-36.52,3950,Long Unwinding,Moderate,Indian Oil Corporation,Oil & Gas,large,False,False,True,False,,
IREDA,2026-05-26,2026-05-26,129.54,129.86,-0.25,2528850,-4195200,-62.39,2387,Neutral,Weak,IREDA,Financial Services,mid,False,False,False,True,2026-05-29,2.0
IRFC,2026-05-26,2026-05-26,99.28,100.81,-1.52,4313750,-6540750,-60.26,2951,Long Unwinding,Moderate,IRFC,Financial Services,large,False,False,True,False,,
ITC,2026-05-26,2026-05-26,301.65,303.95,-0.76,10553600,-23112000,-68.65,19900,Long Unwinding,Moderate,ITC,Consumer Goods,large,True,False,False,False,,
JINDALSTEL,2026-05-26,2026-05-26,1222.9,1214.1,0.72,343750,-3392500,-90.8,6513,Neutral,Weak,Jindal Steel & Power,Metals & Mining,mid,False,False,False,False,,
JIOFIN,2026-05-26,2026-05-26,240.67,241.89,-0.5,10610250,-25255450,-70.42,15652,Neutral,Weak,Jio Financial Services,Financial Services,large,True,False,False,False,,
JSWENERGY,2026-05-26,2026-05-26,576.0,556.65,3.48,2708000,541000,24.97,5436,Long Buildup,Strong,JSW Energy,Power,mid,False,False,False,False,,
JSWSTEEL,2026-05-26,2026-05-26,1293.6,1289.4,0.33,4427325,-1752300,-28.36,4118,Neutral,Weak,JSW Steel,Metals & Mining,large,True,False,False,False,,
JUBLFOOD,2026-05-26,2026-05-26,430.05,440.8,-2.44,3147500,-3701250,-54.04,5530,Long Unwinding,Strong,Jubilant Foodworks,Consumer Goods,mid,False,False,False,False,,
KOTAKBANK,2026-05-26,2026-05-26,388.65,393.7,-1.28,11930000,-10184000,-46.05,7412,Long Unwinding,Moderate,Kotak Mahindra Bank,Banking,large,True,True,False,False,,
KPITTECH,2026-05-26,2026-05-26,784.8,759.9,3.28,1160675,-91375,-7.3,5829,Short Covering,Moderate,KPIT Technologies,Information Technology,mid,False,False,False,False,,
LAURUSLABS,2026-05-26,2026-05-26,1373.9,1357.4,1.22,1123700,-1134750,-50.24,3700,Short Covering,Moderate,Laurus Labs,Pharmaceuticals,mid,False,False,False,False,,
LICHSGFIN,2026-05-26,2026-05-26,544.15,543.4,0.14,906000,-4310000,-82.63,5163,Neutral,Weak,LIC Housing Finance,Financial Services,mid,False,False,False,False,,
LICI,2026-05-26,2026-05-26,854.9,837.35,2.1,1148000,-812000,-41.43,3295,Short Covering,Strong,LIC of India,Financial Services,large,False,False,True,False,,
LT,2026-05-26,2026-05-26,4037.8,4034.2,0.09,882000,-1461425,-62.36,12843,Neutral,Weak,Larsen & Toubro,Infrastructure,large,True,False,False,False,,
LUPIN,2026-05-26,2026-05-26,2265.9,2278.8,-0.57,2181950,-34000,-1.53,5070,Neutral,Weak,Lupin,Pharmaceuticals,large,False,False,True,False,,
M&M,2026-05-26,2026-05-26,3107.3,3145.6,-1.22,615600,-894800,-59.24,7646,Long Unwinding,Moderate,Mahindra & Mahindra,Automobile,large,True,False,False,False,,
MANAPPURAM,2026-05-26,2026-05-26,330.25,326.15,1.26,6606000,-3672000,-35.73,2479,Short Covering,Moderate,Manappuram Finance,Financial Services,mid,False,False,False,False,,
MARICO,2026-05-26,2026-05-26,830.0,822.35,0.93,645600,-783600,-54.83,2789,Short Covering,Moderate,Marico,Consumer Goods,large,False,False,True,False,,
MARUTI,2026-05-26,2026-05-26,13208.0,13181.0,0.2,182600,-89650,-32.93,5507,Neutral,Weak,Maruti Suzuki,Automobile,large,True,False,False,False,,
MAXHEALTH,2026-05-26,2026-05-26,993.95,1004.35,-1.04,1240575,-655200,-34.56,2530,Long Unwinding,Moderate,Max Healthcare,Healthcare,mid,True,False,True,False,,
MCX,2026-05-26,2026-05-26,3307.3,3311.1,-0.11,865000,-858125,-49.8,2670,Neutral,Weak,MCX,Financial Services,mid,False,False,False,False,,
MFSL,2026-05-26,2026-05-26,1725.6,1726.0,-0.02,369200,-851200,-69.75,3363,Neutral,Weak,Max Financial Services,Financial Services,mid,False,False,False,False,,
MOTHERSON,2026-05-26,2026-05-26,135.82,136.17,-0.26,18271650,-13001100,-41.57,5797,Neutral,Weak,Samvardhana Motherson,Automobile,mid,False,False,False,False,,
MPHASIS,2026-05-26,2026-05-26,2265.3,2245.7,0.87,712525,-464475,-39.46,2729,Short Covering,Moderate,Mphasis,Information Technology,mid,False,False,False,False,,
MUTHOOTFIN,2026-05-26,2026-05-26,3331.5,3360.6,-0.87,759275,-163900,-17.75,1425,Long Unwinding,Moderate,Muthoot Finance,Financial Services,mid,False,False,True,False,,
NATIONALUM,2026-05-26,2026-05-26,416.2,402.8,3.33,3073125,-10775625,-77.81,8373,Short Covering,Strong,National Aluminium,Metals & Mining,mid,False,False,False,False,,
NAUKRI,2026-05-26,2026-05-26,980.7,938.35,4.51,228000,-1076250,-82.52,5045,Short Covering,Strong,Info Edge,Information Technology,large,False,False,True,False,,
NBCC,2026-05-26,2026-05-26,95.55,96.9,-1.39,1917500,-13526500,-87.58,3667,Long Unwinding,Moderate,NBCC,Infrastructure,mid,False,False,False,False,,
NESTLEIND,2026-05-26,2026-05-26,1428.6,1416.0,0.89,863000,-504500,-36.89,1879,Short Covering,Moderate,Nestle India,Consumer Goods,large,True,False,False,False,,
NHPC,2026-05-26,2026-05-26,78.44,79.09,-0.82,4979200,-7622400,-60.49,2500,Long Unwinding,Moderate,NHPC,Power,mid,False,False,False,False,,
NMDC,2026-05-26,2026-05-26,90.67,90.42,0.28,8862750,-39993750,-81.86,9690,Neutral,Weak,NMDC,Metals & Mining,mid,False,False,False,True,2026-05-29,2.0
NTPC,2026-05-26,2026-05-26,389.65,390.25,-0.15,13204500,-2443500,-15.62,11098,Neutral,Weak,NTPC,Power,large,True,False,False,False,,
NYKAA,2026-05-26,2026-05-26,266.35,270.1,-1.39,1553125,-6962500,-81.76,3386,Long Unwinding,Moderate,FSN E-Commerce,Consumer Goods,mid,False,False,True,False,,
OBEROIRLTY,2026-05-26,2026-05-26,1693.7,1720.9,-1.58,1094800,-637350,-36.8,2773,Long Unwinding,Moderate,Oberoi Realty,Real Estate,mid,False,False,False,False,,
OFSS,2026-05-26,2026-05-26,9882.0,9708.0,1.79,70875,-74700,-51.31,2499,Short Covering,Moderate,Oracle Financial Services,Information Technology,large,False,False,True,False,,
ONGC,2026-05-26,2026-05-26,287.5,285.25,0.79,7708500,-4936500,-39.04,4710,Short Covering,Moderate,ONGC,Oil & Gas,large,True,False,False,False,,
PAGEIND,2026-05-26,2026-05-26,38305.0,38545.0,-0.62,18045,-8775,-32.72,1738,Neutral,Weak,Page Industries,Consumer Goods,mid,False,False,True,False,,
PAYTM,2026-05-26,2026-05-26,1131.6,1097.4,3.12,2929000,-152975,-4.96,5446,Short Covering,Moderate,One97 Communications,Financial Services,mid,False,False,True,False,,
PERSISTENT,2026-05-26,2026-05-26,5105.8,5059.2,0.92,562100,-114800,-16.96,5893,Short Covering,Moderate,Persistent Systems,Information Technology,mid,False,False,False,False,,
PETRONET,2026-05-26,2026-05-26,280.2,282.4,-0.78,4535300,-2751200,-37.76,2793,Long Unwinding,Moderate,Petronet LNG,Oil & Gas,mid,False,False,False,False,,
PFC,2026-05-26,2026-05-26,433.7,439.5,-1.32,5652400,-7282600,-56.3,7879,Long Unwinding,Moderate,Power Finance Corporation,Financial Services,large,False,False,True,False,,
PIDILITIND,2026-05-26,2026-05-26,1478.5,1478.1,0.03,268500,-885000,-76.72,2595,Neutral,Weak,Pidilite Industries,Chemicals,large,False,False,True,False,,
PIIND,2026-05-26,2026-05-26,2838.0,2862.8,-0.87,256550,-323400,-55.76,2964,Long Unwinding,Moderate,PI Industries,Chemicals,mid,False,False,False,False,,
PNB,2026-05-26,2026-05-26,105.91,106.43,-0.49,13128000,-40192000,-75.38,7449,Neutral,Weak,Punjab National Bank,Banking,mid,False,True,True,False,,
POLYCAB,2026-05-26,2026-05-26,9613.5,9398.0,2.29,331875,-370625,-52.76,6437,Short Covering,Strong,Polycab India,Consumer Goods,large,False,False,False,False,,
POWERGRID,2026-05-26,2026-05-26,292.55,295.4,-0.96,2819600,-3218600,-53.3,3261,Long Unwinding,Moderate,Power Grid,Power,large,True,False,False,False,,
RBLBANK,2026-05-26,2026-05-26,344.25,344.3,-0.01,5892800,-10782300,-64.66,4729,Neutral,Weak,RBL Bank,Banking,mid,False,True,False,False,,
RECLTD,2026-05-26,2026-05-26,337.6,342.95,-1.56,6235600,-13028400,-67.63,11484,Long Unwinding,Moderate,REC,Financial Services,large,False,False,True,False,,
RELIANCE,2026-05-26,2026-05-26,1356.3,1366.6,-0.75,6360500,-8230500,-56.41,24671,Long Unwinding,Moderate,Reliance Industries,Oil & Gas,large,True,False,False,False,,
SAIL,2026-05-26,2026-05-26,203.84,198.76,2.56,4732900,-19331100,-80.33,5285,Short Covering,Strong,Steel Authority of India,Metals & Mining,mid,False,False,True,False,,
SBICARD,2026-05-26,2026-05-26,628.7,632.15,-0.55,786400,-2050400,-72.28,5506,Neutral,Weak,SBI Cards,Financial Services,large,False,False,False,False,,
SBILIFE,2026-05-26,2026-05-26,1883.2,1894.3,-0.59,1690500,105375,6.65,4841,Neutral,Weak,SBI Life Insurance,Financial Services,large,True,False,False,False,,
SBIN,2026-05-26,2026-05-26,968.5,970.9,-0.25,11112000,-13819500,-55.43,26896,Neutral,Weak,State Bank of India,Banking,large,True,True,False,False,,
SHREECEM,2026-05-26,2026-05-26,25180.0,25360.0,-0.71,11300,-23575,-67.6,2049,Neutral,Weak,Shree Cement,Cement,large,False,False,False,False,,
SHRIRAMFIN,2026-05-26,2026-05-26,952.15,961.6,-0.98,2588025,-5143875,-66.53,8786,Long Unwinding,Moderate,Shriram Finance,Financial Services,large,True,False,False,False,,
SIEMENS,2026-05-26,2026-05-26,3677.1,3664.3,0.35,296450,-156975,-34.62,3184,Neutral,Weak,Siemens,Infrastructure,large,False,False,True,False,,
SONACOMS,2026-05-26,2026-05-26,608.0,596.1,2.0,863625,-1703975,-66.36,3101,Short Covering,Strong,Sona BLW Precision,Automobile,mid,False,False,False,False,,
SRF,2026-05-26,2026-05-26,2749.7,2713.9,1.32,640200,-284400,-30.76,2748,Short Covering,Moderate,SRF,Chemicals,mid,False,False,False,False,,
SUNPHARMA,2026-05-26,2026-05-26,1840.8,1843.5,-0.15,3679550,-758100,-17.08,7441,Neutral,Weak,Sun Pharmaceutical,Pharmaceuticals,large,True,False,False,False,,
TATACONSUM,2026-05-26,2026-05-26,1187.6,1189.4,-0.15,799150,-1577400,-66.37,4299,Neutral,Weak,Tata Consumer Products,Consumer Goods,large,True,False,True,False,,
TATAELXSI,2026-05-26,2026-05-26,4335.6,4336.2,-0.01,140100,-122200,-46.59,3281,Neutral,Weak,Tata Elxsi,Information Technology,mid,False,False,True,False,,
TATASTEEL,2026-05-26,2026-05-26,210.47,210.65,-0.09,25792250,-8767000,-25.37,12848,Neutral,Weak,Tata Steel,Metals & Mining,large,True,False,False,False,,
TCS,2026-05-26,2026-05-26,2276.2,2316.4,-1.74,3077900,-2324175,-43.02,23694,Long Unwinding,Moderate,Tata Consultancy Services,Information Technology,large,True,False,False,False,,
TECHM,2026-05-26,2026-05-26,1458.7,1432.0,1.86,1281000,-1575600,-55.16,5525,Short Covering,Moderate,Tech Mahindra,Information Technology,large,True,False,False,False,,
TIINDIA,2026-05-26,2026-05-26,3039.1,3047.0,-0.26,44800,-46200,-50.77,1414,Neutral,Weak,Tube Investments,Automobile,mid,False,False,False,False,,
TITAN,2026-05-26,2026-05-26,4105.9,4157.7,-1.25,730800,-724325,-49.78,7204,Long Unwinding,Moderate,Titan Company,Consumer Goods,large,True,False,False,False,,
TMPV,2026-05-26,2026-05-26,385.6,372.8,3.43,18059200,1129600,6.67,15524,Long Buildup,Moderate,Tata Motors Passenger Vehicles,Automobile and Auto Components,large,True,False,False,False,,
TORNTPHARM,2026-05-26,2026-05-26,4452.1,4554.8,-2.25,59625,-188750,-75.99,2728,Long Unwinding,Strong,Torrent Pharmaceuticals,Pharmaceuticals,mid,False,False,False,False,,
TRENT,2026-05-26,2026-05-26,4239.6,4303.8,-1.49,453800,-419500,-48.04,7088,Long Unwinding,Moderate,Trent,Consumer Services,large,True,False,False,False,,
TVSMOTOR,2026-05-26,2026-05-26,3455.0,3477.5,-0.65,561575,-681100,-54.81,5026,Neutral,Weak,TVS Motor Company,Automobile,large,False,False,True,False,,
ULTRACEMCO,2026-05-26,2026-05-26,11623.0,11747.0,-1.06,288550,-161700,-35.91,4471,Long Unwinding,Moderate,UltraTech Cement,Cement,large,True,False,False,False,,
UNIONBANK,2026-05-26,2026-05-26,167.56,168.84,-0.76,8947350,-13301550,-59.79,4185,Long Unwinding,Moderate,Union Bank of India,Banking,mid,False,False,False,False,,
UNOMINDA,2026-05-26,2026-05-26,1114.9,1117.1,-0.2,189200,-224400,-54.26,1340,Neutral,Weak,Uno Minda,Automobile,mid,False,False,False,False,,
UPL,2026-05-26,2026-05-26,655.0,652.6,0.37,3825165,-5642220,-59.6,5365,Neutral,Weak,UPL,Chemicals,large,False,False,True,False,,
VBL,2026-05-26,2026-05-26,531.3,530.55,0.14,3461625,-5279625,-60.4,5649,Neutral,Weak,Varun Beverages,Consumer Goods,large,False,False,True,False,,
VEDL,2026-05-26,2026-05-26,344.9,332.5,3.73,6647000,-3312000,-33.26,9722,Short Covering,Strong,Vedanta,Metals & Mining,large,False,False,True,False,,
VOLTAS,2026-05-26,2026-05-26,1271.4,1289.6,-1.41,1053000,-1053750,-50.02,5482,Long Unwinding,Moderate,Voltas,Consumer Goods,mid,False,False,False,False,,
WIPRO,2026-05-26,2026-05-26,203.73,207.04,-1.6,48522000,-36642000,-43.03,30137,Long Unwinding,Moderate,Wipro,Information Technology,large,True,False,False,False,,
YESBANK,2026-05-26,2026-05-26,22.83,22.32,2.28,34987500,-192104700,-84.59,8140,Short Covering,Strong,Yes Bank,Banking,mid,False,False,False,False,,
ZYDUSLIFE,2026-05-26,2026-05-26,1079.05,1072.05,0.65,968400,-1106100,-53.32,2194,Neutral,Weak,Zydus Lifesciences,Pharmaceuticals,large,False,False,False,False,,
ABCAPITAL,2026-05-26,2026-05-25,364.35,358.0,1.77,7582600,-12598400,-62.43,4940,Short Covering,Moderate,Aditya Birla Capital,Financial Services,mid,False,False,False,False,,
ADANIENT,2026-05-26,2026-05-25,2848.3,2721.0,4.68,4071384,-4372041,-51.78,23482,Short Covering,Strong,Adani Enterprises,Diversified,large,True,False,False,False,,
ADANIPORTS,2026-05-26,2026-05-25,1804.8,1790.7,0.79,4795600,-4621750,-49.08,13572,Short Covering,Moderate,Adani Ports,Infrastructure,large,True,False,False,False,,
ALKEM,2026-05-26,2026-05-25,5422.0,5427.5,-0.1,88250,-169500,-65.76,1845,Neutral,Weak,Alkem Laboratories,Pharmaceuticals,mid,False,False,False,True,2026-05-28,2.0
AMBUJACEM,2026-05-26,2026-05-25,443.15,437.4,1.31,10792950,-11169900,-50.86,13892,Short Covering,Moderate,Ambuja Cements,Cement,mid,False,False,True,False,,
APOLLOHOSP,2026-05-26,2026-05-25,8398.5,8365.0,0.4,373875,-268625,-41.81,3602,Neutral,Weak,Apollo Hospitals,Healthcare,large,True,False,False,False,,
ASHOKLEY,2026-05-26,2026-05-25,164.17,158.69,3.45,38285000,-35960000,-48.43,13874,Short Covering,Strong,Ashok Leyland,Automobile,mid,False,False,False,True,2026-05-28,2.0
ASIANPAINT,2026-05-26,2026-05-25,2657.8,2644.1,0.52,3314000,-2265500,-40.6,13647,Neutral,Weak,Asian Paints,Consumer Goods,large,True,False,False,True,2026-05-29,3.0
ASTRAL,2026-05-26,2026-05-25,1559.2,1547.6,0.75,1822400,-1289025,-41.43,4882,Short Covering,Moderate,Astral,Infrastructure,mid,False,False,False,False,,
AUBANK,2026-05-26,2026-05-25,1000.9,979.5,2.18,3268000,-8013000,-71.03,9508,Short Covering,Strong,AU Small Finance Bank,Banking,mid,False,True,False,False,,
AUROPHARMA,2026-05-26,2026-05-25,1460.6,1463.3,-0.18,2431550,-1480600,-37.85,5509,Neutral,Weak,Aurobindo Pharma,Pharmaceuticals,mid,False,False,False,False,,
AXISBANK,2026-05-26,2026-05-25,1308.8,1285.9,1.78,8527500,-7638125,-47.25,17914,Short Covering,Moderate,Axis Bank,Banking,large,True,True,False,False,,
BAJAJ-AUTO,2026-05-26,2026-05-25,10461.0,10506.5,-0.43,749025,-471225,-38.62,11442,Neutral,Weak,Bajaj Auto,Automobile,large,True,False,False,False,,
BAJAJFINSV,2026-05-26,2026-05-25,1806.2,1768.5,2.13,1713750,-1792000,-51.12,13498,Short Covering,Strong,Bajaj Finserv,Financial Services,large,True,False,False,False,,
BAJFINANCE,2026-05-26,2026-05-25,944.25,918.1,2.85,2592750,-11729250,-81.9,19906,Short Covering,Strong,Bajaj Finance,Financial Services,large,True,False,False,False,,
BANDHANBNK,2026-05-26,2026-05-25,197.52,195.39,1.09,10926000,-24771600,-69.39,8722,Short Covering,Moderate,Bandhan Bank,Banking,mid,False,True,False,False,,
BANKBARODA,2026-05-26,2026-05-25,272.85,266.3,2.46,25350975,-24011325,-48.64,10734,Short Covering,Strong,Bank of Baroda,Banking,mid,False,False,True,False,,
BEL,2026-05-26,2026-05-25,421.75,416.7,1.21,24377475,-26677425,-52.25,20708,Short Covering,Moderate,Bharat Electronics,Capital Goods,large,True,False,False,False,,
BHARTIARTL,2026-05-26,2026-05-25,1877.7,1874.9,0.15,5287225,-10060500,-65.55,24268,Neutral,Weak,Bharti Airtel,Telecom,large,True,False,False,False,,
BHEL,2026-05-26,2026-05-25,420.1,408.95,2.73,21049875,-19453875,-48.03,10272,Short Covering,Strong,BHEL,Infrastructure,mid,False,False,True,False,,
BIOCON,2026-05-26,2026-05-25,430.55,430.9,-0.08,5767500,-9217500,-61.51,4901,Neutral,Weak,Biocon,Pharmaceuticals,mid,False,False,False,False,,
BOSCHLTD,2026-05-26,2026-05-25,36425.0,36195.0,0.64,38625,-72900,-65.37,3786,Neutral,Weak,Bosch,Automobile,mid,False,False,True,False,,
BPCL,2026-05-26,2026-05-25,308.25,296.25,4.05,10586000,-11628800,-52.35,9012,Short Covering,Strong,BPCL,Oil & Gas,large,False,False,False,False,,
BRITANNIA,2026-05-26,2026-05-25,5339.5,5347.5,-0.15,630250,-610875,-49.22,7363,Neutral,Weak,Britannia Industries,Consumer Goods,large,False,False,False,False,,
CAMS,2026-05-26,2026-05-25,771.6,760.45,1.47,1746000,-1616250,-48.07,3437,Short Covering,Moderate,CAMS,Financial Services,mid,False,False,False,False,,
CANBK,2026-05-26,2026-05-25,133.94,128.47,4.26,50368500,-46467000,-47.99,9539,Short Covering,Strong,Canara Bank,Banking,mid,False,False,True,False,,
CHOLAFIN,2026-05-26,2026-05-25,1587.5,1539.6,3.11,2056250,-3776250,-64.74,8067,Short Covering,Strong,Cholamandalam Finance,Financial Services,mid,False,False,True,False,,
CIPLA,2026-05-26,2026-05-25,1412.6,1401.7,0.78,2278500,-2072625,-47.63,9611,Short Covering,Moderate,Cipla,Pharmaceuticals,large,True,False,False,False,,
COALINDIA,2026-05-26,2026-05-25,460.1,458.4,0.37,6910650,-13597200,-66.3,13163,Neutral,Weak,Coal India,Metals & Mining,large,True,False,False,False,,
COFORGE,2026-05-26,2026-05-25,1400.3,1390.5,0.7,3729375,-3669750,-49.6,14252,Neutral,Weak,Coforge,Information Technology,mid,False,False,False,False,,
COLPAL,2026-05-26,2026-05-25,2108.9,2158.9,-2.32,576675,-1119600,-66.0,10227,Long Unwinding,Strong,Colgate Palmolive,Consumer Goods,mid,False,False,True,False,,
CONCOR,2026-05-26,2026-05-25,512.65,507.25,1.06,7286250,-5972500,-45.05,5502,Short Covering,Moderate,Container Corporation,Infrastructure,mid,False,False,False,False,,
CROMPTON,2026-05-26,2026-05-25,293.75,295.3,-0.52,6192000,-12297600,-66.51,7950,Neutral,Weak,Crompton Greaves Consumer,Consumer Goods,mid,False,False,False,False,,
CUMMINSIND,2026-05-26,2026-05-25,5383.0,5367.5,0.29,643200,-934200,-59.22,5489,Neutral,Weak,Cummins India,Infrastructure,mid,False,False,False,True,2026-05-27,1.0
DABUR,2026-05-26,2026-05-25,447.1,452.1,-1.11,2557500,-5862500,-69.63,5329,Long Unwinding,Moderate,Dabur India,Consumer Goods,mid,False,False,True,False,,
DALBHARAT,2026-05-26,2026-05-25,1827.5,1797.3,1.68,962650,-1151150,-54.46,6076,Short Covering,Moderate,Dalmia Bharat,Cement,mid,False,False,False,False,,
DELHIVERY,2026-05-26,2026-05-25,455.5,447.65,1.75,3656150,-8225300,-69.23,4616,Short Covering,Moderate,Delhivery,Infrastructure,mid,False,False,False,False,,
DIVISLAB,2026-05-26,2026-05-25,6784.0,6881.0,-1.41,355400,-539500,-60.29,11421,Long Unwinding,Moderate,Divis Laboratories,Pharmaceuticals,large,False,False,False,False,,
DLF,2026-05-26,2026-05-25,593.35,588.3,0.86,5744475,-9446250,-62.18,12935,Short Covering,Moderate,DLF,Real Estate,large,False,False,False,False,,
DRREDDY,2026-05-26,2026-05-25,1337.4,1312.4,1.9,5790000,-2600625,-30.99,8239,Short Covering,Moderate,Dr Reddys Laboratories,Pharmaceuticals,large,True,False,False,False,,
EICHERMOT,2026-05-26,2026-05-25,7424.5,6999.0,6.08,296300,-735500,-71.28,13163,Short Covering,Strong,Eicher Motors,Automobile,large,True,False,False,False,,
ETERNAL,2026-05-26,2026-05-25,248.13,242.64,2.26,34010625,-44927975,-56.92,21508,Short Covering,Strong,Eternal,Consumer Services,large,True,False,False,False,,
EXIDEIND,2026-05-26,2026-05-25,346.9,341.25,1.66,4753800,-3256200,-40.65,3385,Short Covering,Moderate,Exide Industries,Automobile,mid,False,False,False,False,,
FEDERALBNK,2026-05-26,2026-05-25,289.25,286.45,0.98,12897500,-16847500,-56.64,8706,Short Covering,Moderate,Federal Bank,Banking,mid,False,True,False,False,,
FORTIS,2026-05-26,2026-05-25,970.85,962.15,0.9,643250,-1605800,-71.4,3115,Short Covering,Moderate,Fortis Healthcare,Healthcare,mid,False,False,False,False,,
GAIL,2026-05-26,2026-05-25,168.47,160.06,5.25,11245500,-16874550,-60.01,10076,Short Covering,Strong,GAIL,Oil & Gas,large,False,False,True,False,,
GODREJCP,2026-05-26,2026-05-25,1020.6,1027.7,-0.69,1973500,-3030000,-60.56,6768,Neutral,Weak,Godrej Consumer Products,Consumer Goods,mid,False,False,True,False,,
GODREJPROP,2026-05-26,2026-05-25,1768.7,1737.4,1.8,788150,-1734425,-68.76,8608,Short Covering,Moderate,Godrej Properties,Real Estate,mid,False,False,False,False,,
GRASIM,2026-05-26,2026-05-25,3172.2,3162.9,0.29,1272750,-2367000,-65.03,11437,Neutral,Weak,Grasim Industries,Diversified,large,True,False,False,False,,
HAL,2026-05-26,2026-05-25,4426.7,4382.6,1.01,1661250,-1003050,-37.65,11432,Short Covering,Moderate,Hindustan Aeronautics,Defence,large,False,False,False,False,,
HAVELLS,2026-05-26,2026-05-25,1205.7,1203.3,0.2,3814500,-1813500,-32.22,4228,Neutral,Weak,Havells India,Consumer Goods,large,False,False,True,False,,
HCLTECH,2026-05-26,2026-05-25,1169.0,1165.5,0.3,4888450,-11510450,-70.19,43197,Neutral,Weak,HCL Technologies,Information Technology,large,True,False,False,False,,
HDFCAMC,2026-05-26,2026-05-25,2763.2,2744.5,0.68,885000,-1520400,-63.21,5764,Neutral,Weak,HDFC AMC,Financial Services,large,False,False,True,False,,
HDFCBANK,2026-05-26,2026-05-25,787.55,768.6,2.47,22565400,-44695750,-66.45,98164,Short Covering,Strong,HDFC Bank,Banking,large,True,True,False,False,,
HDFCLIFE,2026-05-26,2026-05-25,619.25,616.4,0.46,7852900,-8185100,-51.04,9860,Neutral,Weak,HDFC Life,Financial Services,large,True,False,False,False,,
HEROMOTOCO,2026-05-26,2026-05-25,4987.5,4978.5,0.18,910200,-836250,-47.88,6963,Neutral,Weak,Hero MotoCorp,Automobile,large,False,False,False,False,,
HINDALCO,2026-05-26,2026-05-25,1099.6,1112.0,-1.12,3644200,-8330700,-69.57,15198,Long Unwinding,Moderate,Hindalco Industries,Metals & Mining,large,True,False,False,False,,
HINDUNILVR,2026-05-26,2026-05-25,2202.4,2211.8,-0.42,2393400,-2427900,-50.36,10228,Neutral,Weak,Hindustan Unilever,Consumer Goods,large,True,False,False,False,,
ICICIBANK,2026-05-26,2026-05-25,1290.9,1267.9,1.81,22606500,-24140200,-51.64,44098,Short Covering,Moderate,ICICI Bank,Banking,large,True,True,False,False,,
ICICIGI,2026-05-26,2026-05-25,1858.1,1829.3,1.57,344175,-908700,-72.53,3561,Short Covering,Moderate,ICICI Lombard,Financial Services,large,False,False,True,False,,
ICICIPRULI,2026-05-26,2026-05-25,527.0,520.65,1.22,3305950,-3929400,-54.31,4905,Short Covering,Moderate,ICICI Prudential Life,Financial Services,large,False,False,False,False,,
IDFCFIRSTB,2026-05-26,2026-05-25,69.67,68.9,1.12,61780775,-76880475,-55.44,10085,Short Covering,Moderate,IDFC First Bank,Banking,mid,False,True,False,False,,
IEX,2026-05-26,2026-05-25,127.83,127.43,0.31,14782500,-26460000,-64.16,8043,Neutral,Weak,Indian Energy Exchange,Financial Services,mid,False,False,True,False,,
INDHOTEL,2026-05-26,2026-05-25,663.9,651.85,1.85,2800000,-5628000,-66.78,6444,Short Covering,Moderate,Indian Hotels,Consumer Goods,mid,False,False,True,False,,
INDIANB,2026-05-26,2026-05-25,840.3,825.15,1.84,2797000,-3111000,-52.66,4233,Short Covering,Moderate,Indian Bank,Banking,mid,False,False,False,False,,
INDIGO,2026-05-26,2026-05-25,4481.6,4439.4,0.95,1524750,-1437600,-48.53,21811,Short Covering,Moderate,IndiGo,Consumer Goods,large,True,False,False,True,2026-05-29,3.0
INDUSINDBK,2026-05-26,2026-05-25,928.35,911.2,1.88,3937500,-6330100,-61.65,13017,Short Covering,Moderate,IndusInd Bank,Banking,large,False,True,False,False,,
INDUSTOWER,2026-05-26,2026-05-25,439.35,432.8,1.51,13288900,-13846500,-51.03,10553,Short Covering,Moderate,Indus Towers,Telecom,large,False,False,True,False,,
INFY,2026-05-26,2026-05-25,1169.7,1173.1,-0.29,10686800,-17247200,-61.74,66431,Neutral,Weak,Infosys,Information Technology,large,True,False,False,False,,
IOC,2026-05-26,2026-05-25,144.23,139.72,3.23,15897375,-25506000,-61.6,7328,Short Covering,Strong,Indian Oil Corporation,Oil & Gas,large,False,False,True,False,,
IREDA,2026-05-26,2026-05-25,129.86,129.34,0.4,6724050,-9553050,-58.69,5422,Neutral,Weak,IREDA,Financial Services,mid,False,False,False,True,2026-05-29,3.0
IRFC,2026-05-26,2026-05-25,100.81,98.55,2.29,10854500,-12805250,-54.12,4696,Short Covering,Strong,IRFC,Financial Services,large,False,False,True,False,,
ITC,2026-05-26,2026-05-25,303.95,302.3,0.55,33665600,-39929600,-54.26,26960,Neutral,Weak,ITC,Consumer Goods,large,True,False,False,False,,
JINDALSTEL,2026-05-26,2026-05-25,1214.1,1210.3,0.31,3736250,-2585000,-40.89,4658,Neutral,Weak,Jindal Steel & Power,Metals & Mining,mid,False,False,False,False,,
JIOFIN,2026-05-26,2026-05-25,241.89,238.32,1.5,35865700,-46405450,-56.41,22777,Short Covering,Moderate,Jio Financial Services,Financial Services,large,True,False,False,False,,
JSWENERGY,2026-05-26,2026-05-25,556.65,551.9,0.86,2167000,-5566000,-71.98,8846,Short Covering,Moderate,JSW Energy,Power,mid,False,False,False,False,,
JSWSTEEL,2026-05-26,2026-05-25,1289.4,1289.2,0.02,6179625,-6056100,-49.5,9696,Neutral,Weak,JSW Steel,Metals & Mining,large,True,False,False,False,,
JUBLFOOD,2026-05-26,2026-05-25,440.8,438.6,0.5,6848750,-5805000,-45.88,8431,Neutral,Weak,Jubilant Foodworks,Consumer Goods,mid,False,False,False,False,,
KOTAKBANK,2026-05-26,2026-05-25,393.7,385.0,2.26,22114000,-35316000,-61.49,21238,Short Covering,Strong,Kotak Mahindra Bank,Banking,large,True,True,False,False,,
KPITTECH,2026-05-26,2026-05-25,759.9,751.4,1.13,1252050,-2181100,-63.53,7862,Short Covering,Moderate,KPIT Technologies,Information Technology,mid,False,False,False,False,,
LAURUSLABS,2026-05-26,2026-05-25,1357.4,1345.0,0.92,2258450,-4290800,-65.52,6283,Short Covering,Moderate,Laurus Labs,Pharmaceuticals,mid,False,False,False,False,,
LICHSGFIN,2026-05-26,2026-05-25,543.4,539.35,0.75,5216000,-11534000,-68.86,12761,Short Covering,Moderate,LIC Housing Finance,Financial Services,mid,False,False,False,False,,
LICI,2026-05-26,2026-05-25,837.35,816.6,2.54,1960000,-2674000,-57.7,7808,Short Covering,Strong,LIC of India,Financial Services,large,False,False,True,False,,
LT,2026-05-26,2026-05-25,4034.2,3926.9,2.73,2343425,-3925075,-62.62,27830,Short Covering,Strong,Larsen & Toubro,Infrastructure,large,True,False,False,False,,
LUPIN,2026-05-26,2026-05-25,2278.8,2269.5,0.41,2215950,-983875,-30.75,4523,Neutral,Weak,Lupin,Pharmaceuticals,large,False,False,True,False,,
M&M,2026-05-26,2026-05-25,3145.6,3090.4,1.79,1510400,-3539400,-70.09,21124,Short Covering,Moderate,Mahindra & Mahindra,Automobile,large,True,False,False,False,,
MANAPPURAM,2026-05-26,2026-05-25,326.15,324.1,0.63,10278000,-9651000,-48.43,4027,Neutral,Weak,Manappuram Finance,Financial Services,mid,False,False,False,False,,
MARICO,2026-05-26,2026-05-25,822.35,826.55,-0.51,1429200,-4627200,-76.4,4517,Neutral,Weak,Marico,Consumer Goods,large,False,False,True,False,,
MARUTI,2026-05-26,2026-05-25,13181.0,13012.0,1.3,272250,-673450,-71.21,16164,Short Covering,Moderate,Maruti Suzuki,Automobile,large,True,False,False,False,,
MAXHEALTH,2026-05-26,2026-05-25,1004.35,1024.4,-1.96,1895775,-2229150,-54.04,6506,Long Unwinding,Moderate,Max Healthcare,Healthcare,mid,True,False,True,False,,
MCX,2026-05-26,2026-05-25,3311.1,3280.7,0.93,1723125,-1908125,-52.55,5341,Short Covering,Moderate,MCX,Financial Services,mid,False,False,False,False,,
MFSL,2026-05-26,2026-05-25,1726.0,1682.0,2.62,1220400,-2070000,-62.91,6481,Short Covering,Strong,Max Financial Services,Financial Services,mid,False,False,False,False,,
MOTHERSON,2026-05-26,2026-05-25,136.17,136.39,-0.16,31272750,-47065950,-60.08,9627,Neutral,Weak,Samvardhana Motherson,Automobile,mid,False,False,False,False,,
MPHASIS,2026-05-26,2026-05-25,2245.7,2231.4,0.64,1177000,-825550,-41.22,4180,Neutral,Weak,Mphasis,Information Technology,mid,False,False,False,False,,
MUTHOOTFIN,2026-05-26,2026-05-25,3360.6,3308.9,1.56,923175,-681175,-42.46,4410,Short Covering,Moderate,Muthoot Finance,Financial Services,mid,False,False,True,False,,
NATIONALUM,2026-05-26,2026-05-25,402.8,409.0,-1.52,13848750,-7706250,-35.75,5830,Long Unwinding,Moderate,National Aluminium,Metals & Mining,mid,False,False,False,False,,
NAUKRI,2026-05-26,2026-05-25,938.35,964.25,-2.69,1304250,-3372375,-72.11,12189,Long Unwinding,Strong,Info Edge,Information Technology,large,False,False,True,False,,
NBCC,2026-05-26,2026-05-25,96.9,95.1,1.89,15444000,-27423500,-63.97,6152,Short Covering,Moderate,NBCC,Infrastructure,mid,False,False,False,False,,
NESTLEIND,2026-05-26,2026-05-25,1416.0,1429.0,-0.91,1367500,-2489000,-64.54,6021,Long Unwinding,Moderate,Nestle India,Consumer Goods,large,True,False,False,False,,
NHPC,2026-05-26,2026-05-25,79.09,78.52,0.73,12601600,-21120000,-62.63,5149,Neutral,Weak,NHPC,Power,mid,False,False,False,False,,
NMDC,2026-05-26,2026-05-25,90.42,88.04,2.7,48856500,-64685250,-56.97,10689,Short Covering,Strong,NMDC,Metals & Mining,mid,False,False,False,True,2026-05-29,3.0
NTPC,2026-05-26,2026-05-25,390.25,389.6,0.17,15648000,-21486000,-57.86,20644,Neutral,Weak,NTPC,Power,large,True,False,False,False,,
NYKAA,2026-05-26,2026-05-25,270.1,277.95,-2.82,8515625,-15146875,-64.01,5728,Long Unwinding,Strong,FSN E-Commerce,Consumer Goods,mid,False,False,True,False,,
OBEROIRLTY,2026-05-26,2026-05-25,1720.9,1667.1,3.23,1732150,-1635550,-48.57,9086,Short Covering,Strong,Oberoi Realty,Real Estate,mid,False,False,False,False,,
OFSS,2026-05-26,2026-05-25,9708.0,9538.0,1.78,145575,-180075,-55.3,4454,Short Covering,Moderate,Oracle Financial Services,Information Technology,large,False,False,True,False,,
ONGC,2026-05-26,2026-05-25,285.25,290.9,-1.94,12645000,-15628500,-55.28,10439,Long Unwinding,Moderate,ONGC,Oil & Gas,large,True,False,False,True,2026-05-26,0.0
PAGEIND,2026-05-26,2026-05-25,38545.0,39530.0,-2.49,26820,-68925,-71.99,6750,Long Unwinding,Strong,Page Industries,Consumer Goods,mid,False,False,True,False,,
PAYTM,2026-05-26,2026-05-25,1097.4,1114.5,-1.53,3081975,-3422725,-52.62,8305,Long Unwinding,Moderate,One97 Communications,Financial Services,mid,False,False,True,False,,
PERSISTENT,2026-05-26,2026-05-25,5059.2,4988.1,1.43,676900,-598000,-46.91,11027,Short Covering,Moderate,Persistent Systems,Information Technology,mid,False,False,False,False,,
PETRONET,2026-05-26,2026-05-25,282.4,272.8,3.52,7286500,-6507500,-47.18,4560,Short Covering,Strong,Petronet LNG,Oil & Gas,mid,False,False,False,False,,
PFC,2026-05-26,2026-05-25,439.5,432.4,1.64,12935000,-11417900,-46.89,11992,Short Covering,Moderate,Power Finance Corporation,Financial Services,large,False,False,True,False,,
PIDILITIND,2026-05-26,2026-05-25,1478.1,1482.2,-0.28,1153500,-2032000,-63.79,4604,Neutral,Weak,Pidilite Industries,Chemicals,large,False,False,True,False,,
PIIND,2026-05-26,2026-05-25,2862.8,2774.2,3.19,579950,-485275,-45.56,7368,Short Covering,Strong,PI Industries,Chemicals,mid,False,False,False,False,,
PNB,2026-05-26,2026-05-25,106.43,102.91,3.42,53320000,-80912000,-60.28,12788,Short Covering,Strong,Punjab National Bank,Banking,mid,False,True,True,False,,
POLYCAB,2026-05-26,2026-05-25,9398.0,9281.0,1.26,702500,-273500,-28.02,4871,Short Covering,Moderate,Polycab India,Consumer Goods,large,False,False,False,False,,
POWERGRID,2026-05-26,2026-05-25,295.4,295.65,-0.08,6038200,-9412600,-60.92,6321,Neutral,Weak,Power Grid,Power,large,True,False,False,False,,
RBLBANK,2026-05-26,2026-05-25,344.3,335.15,2.73,16675100,-16500475,-49.74,7561,Short Covering,Strong,RBL Bank,Banking,mid,False,True,False,False,,
RECLTD,2026-05-26,2026-05-25,342.95,337.35,1.66,19264000,-19707800,-50.57,16183,Short Covering,Moderate,REC,Financial Services,large,False,False,True,False,,
RELIANCE,2026-05-26,2026-05-25,1366.6,1357.2,0.69,14591000,-18251500,-55.57,45653,Neutral,Weak,Reliance Industries,Oil & Gas,large,True,False,False,False,,
SAIL,2026-05-26,2026-05-25,198.76,201.26,-1.24,24064000,-26061500,-51.99,5717,Long Unwinding,Moderate,Steel Authority of India,Metals & Mining,mid,False,False,True,False,,
SBICARD,2026-05-26,2026-05-25,632.15,621.2,1.76,2836800,-2949600,-50.97,7410,Short Covering,Moderate,SBI Cards,Financial Services,large,False,False,False,False,,
SBILIFE,2026-05-26,2026-05-25,1894.3,1874.6,1.05,1585125,-1239000,-43.87,5605,Short Covering,Moderate,SBI Life Insurance,Financial Services,large,True,False,False,False,,
SBIN,2026-05-26,2026-05-25,970.9,952.0,1.99,24931500,-19966500,-44.47,36775,Short Covering,Moderate,State Bank of India,Banking,large,True,True,False,False,,
SHREECEM,2026-05-26,2026-05-25,25360.0,24820.0,2.18,34875,-79450,-69.49,4223,Short Covering,Strong,Shree Cement,Cement,large,False,False,False,False,,
SHRIRAMFIN,2026-05-26,2026-05-25,961.6,943.2,1.95,7731900,-8826675,-53.31,13512,Short Covering,Moderate,Shriram Finance,Financial Services,large,True,False,False,False,,
SIEMENS,2026-05-26,2026-05-25,3664.3,3827.4,-4.26,453425,-660275,-59.29,6632,Long Unwinding,Strong,Siemens,Infrastructure,large,False,False,True,True,2026-05-26,0.0
SONACOMS,2026-05-26,2026-05-25,596.1,593.5,0.44,2567600,-4074350,-61.34,5228,Neutral,Weak,Sona BLW Precision,Automobile,mid,False,False,False,False,,
SRF,2026-05-26,2026-05-25,2713.9,2642.6,2.7,924600,-776400,-45.64,4877,Short Covering,Strong,SRF,Chemicals,mid,False,False,False,False,,
SUNPHARMA,2026-05-26,2026-05-25,1843.5,1846.6,-0.17,4437650,-6959750,-61.06,25093,Neutral,Weak,Sun Pharmaceutical,Pharmaceuticals,large,True,False,False,False,,
TATACONSUM,2026-05-26,2026-05-25,1189.4,1185.5,0.33,2376550,-2759350,-53.73,6372,Neutral,Weak,Tata Consumer Products,Consumer Goods,large,True,False,True,False,,
TATAELXSI,2026-05-26,2026-05-25,4336.2,4316.7,0.45,262300,-400200,-60.41,7365,Neutral,Weak,Tata Elxsi,Information Technology,mid,False,False,True,False,,
TATASTEEL,2026-05-26,2026-05-25,210.65,209.27,0.66,34559250,-28457000,-45.16,15416,Neutral,Weak,Tata Steel,Metals & Mining,large,True,False,False,False,,
TCS,2026-05-26,2026-05-25,2316.4,2295.3,0.92,5402075,-6956950,-56.29,63134,Short Covering,Moderate,Tata Consultancy Services,Information Technology,large,True,False,False,False,,
TECHM,2026-05-26,2026-05-25,1432.0,1417.5,1.02,2856600,-3204000,-52.87,9698,Short Covering,Moderate,Tech Mahindra,Information Technology,large,True,False,False,False,,
TIINDIA,2026-05-26,2026-05-25,3047.0,3018.8,0.93,91000,-577800,-86.39,3657,Short Covering,Moderate,Tube Investments,Automobile,mid,False,False,False,False,,
TITAN,2026-05-26,2026-05-25,4157.7,4089.8,1.66,1455125,-1995525,-57.83,13648,Short Covering,Moderate,Titan Company,Consumer Goods,large,True,False,False,False,,
TMPV,2026-05-26,2026-05-25,372.8,363.2,2.64,16929600,-2224000,-11.61,25464,Short Covering,Strong,Tata Motors Passenger Vehicles,Automobile and Auto Components,large,True,False,False,False,,
TORNTPHARM,2026-05-26,2026-05-25,4554.8,4469.1,1.92,248375,-643000,-72.14,9086,Short Covering,Moderate,Torrent Pharmaceuticals,Pharmaceuticals,mid,False,False,False,False,,
TRENT,2026-05-26,2026-05-25,4303.8,4301.0,0.07,873300,-977700,-52.82,15122,Neutral,Weak,Trent,Consumer Services,large,True,False,False,False,,
TVSMOTOR,2026-05-26,2026-05-25,3477.5,3427.8,1.45,1242675,-3127075,-71.56,20259,Short Covering,Moderate,TVS Motor Company,Automobile,large,False,False,True,False,,
ULTRACEMCO,2026-05-26,2026-05-25,11747.0,11599.0,1.28,450250,-448150,-49.88,10682,Short Covering,Moderate,UltraTech Cement,Cement,large,True,False,False,False,,
UNIONBANK,2026-05-26,2026-05-25,168.84,161.26,4.7,22248900,-35072550,-61.19,10796,Short Covering,Strong,Union Bank of India,Banking,mid,False,False,False,False,,
UNOMINDA,2026-05-26,2026-05-25,1117.1,1090.9,2.4,413600,-911350,-68.78,2270,Short Covering,Strong,Uno Minda,Automobile,mid,False,False,False,False,,
UPL,2026-05-26,2026-05-25,652.6,635.05,2.76,9467385,-5239785,-35.63,6264,Short Covering,Strong,UPL,Chemicals,large,False,False,True,False,,
VBL,2026-05-26,2026-05-25,530.55,539.85,-1.72,8741250,-7931250,-47.57,9368,Long Unwinding,Moderate,Varun Beverages,Consumer Goods,large,False,False,True,False,,
VEDL,2026-05-26,2026-05-25,332.5,330.0,0.76,9959000,-10906600,-52.27,14420,Short Covering,Moderate,Vedanta,Metals & Mining,large,False,False,True,False,,
VOLTAS,2026-05-26,2026-05-25,1289.6,1268.6,1.66,2106750,-2365500,-52.89,9622,Short Covering,Moderate,Voltas,Consumer Goods,mid,False,False,False,False,,
WIPRO,2026-05-26,2026-05-25,207.04,202.91,2.04,85164000,-59448000,-41.11,42482,Short Covering,Strong,Wipro,Information Technology,large,True,False,False,False,,
YESBANK,2026-05-26,2026-05-25,22.32,21.93,1.78,227092200,-214621100,-48.59,8489,Short Covering,Moderate,Yes Bank,Banking,mid,False,False,False,False,,
ZYDUSLIFE,2026-05-26,2026-05-25,1072.05,1039.15,3.17,2074500,-3038400,-59.43,4820,Short Covering,Strong,Zydus Lifesciences,Pharmaceuticals,large,False,False,False,False,,
ABCAPITAL,2026-05-26,2026-05-22,358.0,350.0,2.29,20181000,-17766100,-46.82,7567,Short Covering,Strong,Aditya Birla Capital,Financial Services,mid,False,False,False,False,,
ADANIENT,2026-05-26,2026-05-22,2721.0,2698.2,0.85,8443425,-4860879,-36.54,18488,Short Covering,Moderate,Adani Enterprises,Diversified,large,True,False,False,False,,
ADANIPORTS,2026-05-26,2026-05-22,1790.7,1795.3,-0.26,9417350,-6116575,-39.38,15432,Neutral,Weak,Adani Ports,Infrastructure,large,True,False,False,False,,
ALKEM,2026-05-26,2026-05-22,5427.5,5521.0,-1.69,257750,-389000,-60.15,4436,Long Unwinding,Moderate,Alkem Laboratories,Pharmaceuticals,mid,False,False,False,True,2026-05-28,3.0
AMBUJACEM,2026-05-26,2026-05-22,437.4,436.75,0.15,21962850,-21360150,-49.3,27159,Neutral,Weak,Ambuja Cements,Cement,mid,False,False,True,False,,
APOLLOHOSP,2026-05-26,2026-05-22,8365.0,8324.0,0.49,642500,-670375,-51.06,7593,Neutral,Weak,Apollo Hospitals,Healthcare,large,True,False,False,False,,
ASHOKLEY,2026-05-26,2026-05-22,158.69,154.74,2.55,74245000,-46775000,-38.65,12627,Short Covering,Strong,Ashok Leyland,Automobile,mid,False,False,False,True,2026-05-28,3.0
ASIANPAINT,2026-05-26,2026-05-22,2644.1,2601.1,1.65,5579500,-2897500,-34.18,15186,Short Covering,Moderate,Asian Paints,Consumer Goods,large,True,False,False,True,2026-05-29,4.0
ASTRAL,2026-05-26,2026-05-22,1547.6,1485.8,4.16,3111425,-2462450,-44.18,10276,Short Covering,Strong,Astral,Infrastructure,mid,False,False,False,False,,
AUBANK,2026-05-26,2026-05-22,979.5,960.2,2.01,11281000,-6529000,-36.66,8311,Short Covering,Strong,AU Small Finance Bank,Banking,mid,False,True,False,False,,
AUROPHARMA,2026-05-26,2026-05-22,1463.3,1547.8,-5.46,3912150,-3515600,-47.33,10561,Long Unwinding,Strong,Aurobindo Pharma,Pharmaceuticals,mid,False,False,False,False,,
AXISBANK,2026-05-26,2026-05-22,1285.9,1252.8,2.64,16165625,-19433750,-54.59,38309,Short Covering,Strong,Axis Bank,Banking,large,True,True,False,False,,
BAJAJ-AUTO,2026-05-26,2026-05-22,10506.5,10621.5,-1.08,1220250,-641100,-34.44,11721,Long Unwinding,Moderate,Bajaj Auto,Automobile,large,True,False,False,False,,
BAJAJFINSV,2026-05-26,2026-05-22,1768.5,1753.3,0.87,3505750,-2239750,-38.98,11681,Short Covering,Moderate,Bajaj Finserv,Financial Services,large,True,False,False,False,,
BAJFINANCE,2026-05-26,2026-05-22,918.1,906.5,1.28,14322000,-21142500,-59.62,32090,Short Covering,Moderate,Bajaj Finance,Financial Services,large,True,False,False,False,,
BANDHANBNK,2026-05-26,2026-05-22,195.39,191.0,2.3,35697600,-21114000,-37.16,7380,Short Covering,Strong,Bandhan Bank,Banking,mid,False,True,False,False,,
BANKBARODA,2026-05-26,2026-05-22,266.3,263.15,1.2,49362300,-24353550,-33.04,11058,Short Covering,Moderate,Bank of Baroda,Banking,mid,False,False,True,False,,
BEL,2026-05-26,2026-05-22,416.7,420.2,-0.83,51054900,-16579875,-24.51,14031,Long Unwinding,Moderate,Bharat Electronics,Capital Goods,large,True,False,False,False,,
BHARTIARTL,2026-05-26,2026-05-22,1874.9,1887.3,-0.66,15347725,-13562675,-46.91,32205,Neutral,Weak,Bharti Airtel,Telecom,large,True,False,False,False,,
BHEL,2026-05-26,2026-05-22,408.95,408.15,0.2,40503750,-20784750,-33.91,9967,Neutral,Weak,BHEL,Infrastructure,mid,False,False,True,False,,
BIOCON,2026-05-26,2026-05-22,430.9,432.3,-0.32,14985000,-12757500,-45.99,6784,Neutral,Weak,Biocon,Pharmaceuticals,mid,False,False,False,False,,
BOSCHLTD,2026-05-26,2026-05-22,36195.0,35240.0,2.71,111525,-123600,-52.57,7392,Short Covering,Strong,Bosch,Automobile,mid,False,False,True,False,,
BPCL,2026-05-26,2026-05-22,296.25,296.25,0.0,22214800,-13414200,-37.65,8718,Neutral,Weak,BPCL,Oil & Gas,large,False,False,False,False,,
BRITANNIA,2026-05-26,2026-05-22,5347.5,5326.5,0.39,1241125,-717625,-36.64,7567,Neutral,Weak,Britannia Industries,Consumer Goods,large,False,False,False,False,,
CAMS,2026-05-26,2026-05-22,760.45,770.35,-1.29,3362250,-2230500,-39.88,5892,Long Unwinding,Moderate,CAMS,Financial Services,mid,False,False,False,False,,
CANBK,2026-05-26,2026-05-22,128.47,128.28,0.15,96835500,-55289250,-36.34,10265,Neutral,Weak,Canara Bank,Banking,mid,False,False,True,False,,
CHOLAFIN,2026-05-26,2026-05-22,1539.6,1504.0,2.37,5832500,-4808750,-45.19,9185,Short Covering,Strong,Cholamandalam Finance,Financial Services,mid,False,False,True,False,,
CIPLA,2026-05-26,2026-05-22,1401.7,1404.5,-0.2,4351125,-3839625,-46.88,13276,Neutral,Weak,Cipla,Pharmaceuticals,large,True,False,False,False,,
COALINDIA,2026-05-26,2026-05-22,458.4,461.25,-0.62,20507850,-21690450,-51.4,20438,Neutral,Weak,Coal India,Metals & Mining,large,True,False,False,False,,
COFORGE,2026-05-26,2026-05-22,1390.5,1375.1,1.12,7399125,-3540375,-32.36,17901,Short Covering,Moderate,Coforge,Information Technology,mid,False,False,False,False,,
COLPAL,2026-05-26,2026-05-22,2158.9,2158.6,0.01,1696275,-1499400,-46.92,10685,Neutral,Weak,Colgate Palmolive,Consumer Goods,mid,False,False,True,False,,
CONCOR,2026-05-26,2026-05-22,507.25,507.8,-0.11,13258750,-5076250,-27.69,4604,Neutral,Weak,Container Corporation,Infrastructure,mid,False,False,False,True,2026-05-25,0.0
CROMPTON,2026-05-26,2026-05-22,295.3,292.2,1.06,18489600,-19580400,-51.43,13137,Short Covering,Moderate,Crompton Greaves Consumer,Consumer Goods,mid,False,False,False,False,,
CUMMINSIND,2026-05-26,2026-05-22,5367.5,5384.0,-0.31,1577400,-642800,-28.95,4761,Neutral,Weak,Cummins India,Infrastructure,mid,False,False,False,True,2026-05-27,2.0
DABUR,2026-05-26,2026-05-22,452.1,447.8,0.96,8420000,-7683750,-47.71,6975,Short Covering,Moderate,Dabur India,Consumer Goods,mid,False,False,True,False,,
DALBHARAT,2026-05-26,2026-05-22,1797.3,1752.5,2.56,2113800,-740350,-25.94,5616,Short Covering,Strong,Dalmia Bharat,Cement,mid,False,False,False,False,,
DELHIVERY,2026-05-26,2026-05-22,447.65,453.8,-1.36,11881450,-9464075,-44.34,5382,Long Unwinding,Moderate,Delhivery,Infrastructure,mid,False,False,False,False,,
DIVISLAB,2026-05-26,2026-05-22,6881.0,6857.0,0.35,894900,-636600,-41.57,9893,Neutral,Weak,Divis Laboratories,Pharmaceuticals,large,False,False,False,False,,
DLF,2026-05-26,2026-05-22,588.3,587.75,0.09,15190725,-9768000,-39.14,13462,Neutral,Weak,DLF,Real Estate,large,False,False,False,False,,
DRREDDY,2026-05-26,2026-05-22,1312.4,1322.9,-0.79,8390625,-4593750,-35.38,10719,Long Unwinding,Moderate,Dr Reddys Laboratories,Pharmaceuticals,large,True,False,False,False,,
EICHERMOT,2026-05-26,2026-05-22,6999.0,6902.5,1.4,1031800,-735300,-41.61,10651,Short Covering,Moderate,Eicher Motors,Automobile,large,True,False,False,False,,
ETERNAL,2026-05-26,2026-05-22,242.64,242.45,0.08,78938600,-36498675,-31.62,17721,Neutral,Weak,Eternal,Consumer Services,large,True,False,False,False,,
EXIDEIND,2026-05-26,2026-05-22,341.25,341.55,-0.09,8010000,-2914200,-26.68,3099,Neutral,Weak,Exide Industries,Automobile,mid,False,False,False,False,,
FEDERALBNK,2026-05-26,2026-05-22,286.45,284.25,0.77,29745000,-25595000,-46.25,13392,Short Covering,Moderate,Federal Bank,Banking,mid,False,True,False,False,,
FORTIS,2026-05-26,2026-05-22,962.15,970.1,-0.82,2249050,-2636550,-53.97,4683,Long Unwinding,Moderate,Fortis Healthcare,Healthcare,mid,False,False,False,False,,
GAIL,2026-05-26,2026-05-22,160.06,155.67,2.82,28120050,-18950400,-40.26,11673,Short Covering,Strong,GAIL,Oil & Gas,large,False,False,True,False,,
GODREJCP,2026-05-26,2026-05-22,1027.7,1016.7,1.08,5003500,-3468000,-40.94,8415,Short Covering,Moderate,Godrej Consumer Products,Consumer Goods,mid,False,False,True,False,,
GODREJPROP,2026-05-26,2026-05-22,1737.4,1736.0,0.08,2522575,-2507175,-49.85,10939,Neutral,Weak,Godrej Properties,Real Estate,mid,False,False,False,False,,
GRASIM,2026-05-26,2026-05-22,3162.9,3159.3,0.11,3639750,-2633750,-41.98,12425,Neutral,Weak,Grasim Industries,Diversified,large,True,False,False,False,,
HAL,2026-05-26,2026-05-22,4382.6,4375.7,0.16,2664300,-1134900,-29.87,12236,Neutral,Weak,Hindustan Aeronautics,Defence,large,False,False,False,False,,
HAVELLS,2026-05-26,2026-05-22,1203.3,1207.4,-0.34,5628000,-2624000,-31.8,6363,Neutral,Weak,Havells India,Consumer Goods,large,False,False,True,False,,
HCLTECH,2026-05-26,2026-05-22,1165.5,1170.0,-0.38,16398900,-11701550,-41.64,39024,Neutral,Weak,HCL Technologies,Information Technology,large,True,False,False,False,,
HDFCAMC,2026-05-26,2026-05-22,2744.5,2726.4,0.66,2405400,-2363700,-49.56,9438,Neutral,Weak,HDFC AMC,Financial Services,large,False,False,True,False,,
HDFCBANK,2026-05-26,2026-05-22,768.6,760.1,1.12,67261150,-53157500,-44.14,115617,Short Covering,Moderate,HDFC Bank,Banking,large,True,True,False,False,,
HDFCLIFE,2026-05-26,2026-05-22,616.4,613.95,0.4,16038000,-10907600,-40.48,12743,Neutral,Weak,HDFC Life,Financial Services,large,True,False,False,False,,
HEROMOTOCO,2026-05-26,2026-05-22,4978.5,4972.5,0.12,1746450,-1078800,-38.18,9606,Neutral,Weak,Hero MotoCorp,Automobile,large,False,False,False,False,,
HINDALCO,2026-05-26,2026-05-22,1112.0,1101.3,0.97,11974900,-6119400,-33.82,14023,Short Covering,Moderate,Hindalco Industries,Metals & Mining,large,True,False,False,False,,
HINDUNILVR,2026-05-26,2026-05-22,2211.8,2184.5,1.25,4821300,-5123100,-51.52,19680,Short Covering,Moderate,Hindustan Unilever,Consumer Goods,large,True,False,False,False,,
ICICIBANK,2026-05-26,2026-05-22,1267.9,1246.0,1.76,46746700,-32344200,-40.89,59008,Short Covering,Moderate,ICICI Bank,Banking,large,True,True,False,False,,
ICICIGI,2026-05-26,2026-05-22,1829.3,1799.3,1.67,1252875,-1254825,-50.04,4660,Short Covering,Moderate,ICICI Lombard,Financial Services,large,False,False,True,False,,
ICICIPRULI,2026-05-26,2026-05-22,520.65,509.75,2.14,7235350,-4842375,-40.09,6220,Short Covering,Strong,ICICI Prudential Life,Financial Services,large,False,False,False,False,,
IDFCFIRSTB,2026-05-26,2026-05-22,68.9,68.26,0.94,138661250,-98175875,-41.45,12822,Short Covering,Moderate,IDFC First Bank,Banking,mid,False,True,False,False,,
IEX,2026-05-26,2026-05-22,127.43,127.34,0.07,41242500,-13927500,-25.24,5126,Neutral,Weak,Indian Energy Exchange,Financial Services,mid,False,False,True,False,,
INDHOTEL,2026-05-26,2026-05-22,651.85,656.9,-0.77,8428000,-5265000,-38.45,6458,Long Unwinding,Moderate,Indian Hotels,Consumer Goods,mid,False,False,True,False,,
INDIANB,2026-05-26,2026-05-22,825.15,817.2,0.97,5908000,-3845000,-39.42,6375,Short Covering,Moderate,Indian Bank,Banking,mid,False,False,False,False,,
INDIGO,2026-05-26,2026-05-22,4439.4,4404.4,0.79,2962350,-2267400,-43.36,19009,Short Covering,Moderate,IndiGo,Consumer Goods,large,True,False,False,True,2026-05-29,4.0
INDUSINDBK,2026-05-26,2026-05-22,911.2,900.8,1.15,10267600,-8332800,-44.8,14401,Short Covering,Moderate,IndusInd Bank,Banking,large,False,True,False,False,,
INDUSTOWER,2026-05-26,2026-05-22,432.8,433.45,-0.15,27135400,-16039500,-37.15,10983,Neutral,Weak,Indus Towers,Telecom,large,False,False,True,False,,
INFY,2026-05-26,2026-05-22,1173.1,1177.8,-0.4,27934000,-21828400,-43.87,68351,Neutral,Weak,Infosys,Information Technology,large,True,False,False,False,,
IOC,2026-05-26,2026-05-22,139.72,140.41,-0.49,41403375,-25978875,-38.55,6301,Neutral,Weak,Indian Oil Corporation,Oil & Gas,large,False,False,True,False,,
IREDA,2026-05-26,2026-05-22,129.34,128.1,0.97,16277100,-13931100,-46.12,6425,Short Covering,Moderate,IREDA,Financial Services,mid,False,False,False,True,2026-05-29,4.0
IRFC,2026-05-26,2026-05-22,98.55,98.19,0.37,23659750,-13918750,-37.04,4777,Neutral,Weak,IRFC,Financial Services,large,False,False,True,False,,
ITC,2026-05-26,2026-05-22,302.3,308.55,-2.03,73595200,-41849600,-36.25,33043,Long Unwinding,Strong,ITC,Consumer Goods,large,True,False,False,False,,
JINDALSTEL,2026-05-26,2026-05-22,1210.3,1199.2,0.93,6321250,-2710625,-30.01,5167,Short Covering,Moderate,Jindal Steel & Power,Metals & Mining,mid,False,False,False,False,,
JIOFIN,2026-05-26,2026-05-22,238.32,236.12,0.93,82271150,-35583700,-30.19,18582,Short Covering,Moderate,Jio Financial Services,Financial Services,large,True,False,False,False,,
JSWENERGY,2026-05-26,2026-05-22,551.9,549.0,0.53,7733000,-7492000,-49.21,10532,Neutral,Weak,JSW Energy,Power,mid,False,False,False,False,,
JSWSTEEL,2026-05-26,2026-05-22,1289.2,1282.1,0.55,12235725,-13241475,-51.97,20746,Neutral,Weak,JSW Steel,Metals & Mining,large,True,False,False,False,,
JUBLFOOD,2026-05-26,2026-05-22,438.6,435.75,0.65,12653750,-7217500,-36.32,12195,Neutral,Weak,Jubilant Foodworks,Consumer Goods,mid,False,False,False,False,,
KOTAKBANK,2026-05-26,2026-05-22,385.0,381.15,1.01,57430000,-37700000,-39.63,22045,Short Covering,Moderate,Kotak Mahindra Bank,Banking,large,True,True,False,False,,
KPITTECH,2026-05-26,2026-05-22,751.4,747.75,0.49,3433150,-2501550,-42.15,8521,Neutral,Weak,KPIT Technologies,Information Technology,mid,False,False,False,False,,
LAURUSLABS,2026-05-26,2026-05-22,1345.0,1350.8,-0.43,6549250,-6187150,-48.58,8417,Neutral,Weak,Laurus Labs,Pharmaceuticals,mid,False,False,False,False,,
LICHSGFIN,2026-05-26,2026-05-22,539.35,539.15,0.04,16750000,-4149000,-19.85,5306,Neutral,Weak,LIC Housing Finance,Financial Services,mid,False,False,False,False,,
LICI,2026-05-26,2026-05-22,816.6,803.55,1.62,4634000,-2097200,-31.16,13969,Short Covering,Moderate,LIC of India,Financial Services,large,False,False,True,False,,
LT,2026-05-26,2026-05-22,3926.9,3890.3,0.94,6268500,-4844700,-43.59,30311,Short Covering,Moderate,Larsen & Toubro,Infrastructure,large,True,False,False,False,,
LUPIN,2026-05-26,2026-05-22,2269.5,2266.8,0.12,3199825,-1795200,-35.94,7275,Neutral,Weak,Lupin,Pharmaceuticals,large,False,False,True,False,,
M&M,2026-05-26,2026-05-22,3090.4,3100.6,-0.33,5049800,-3361000,-39.96,21041,Neutral,Weak,Mahindra & Mahindra,Automobile,large,True,False,False,False,,
MANAPPURAM,2026-05-26,2026-05-22,324.1,322.25,0.57,19929000,-10530000,-34.57,5345,Neutral,Weak,Manappuram Finance,Financial Services,mid,False,False,False,False,,
MARICO,2026-05-26,2026-05-22,826.55,831.05,-0.54,6056400,-5937600,-49.5,5609,Neutral,Weak,Marico,Consumer Goods,large,False,False,True,False,,
MARUTI,2026-05-26,2026-05-22,13012.0,13018.0,-0.05,945700,-626750,-39.86,15674,Neutral,Weak,Maruti Suzuki,Automobile,large,True,False,False,False,,
MAXHEALTH,2026-05-26,2026-05-22,1024.4,1092.8,-6.26,4124925,-3231900,-43.93,16539,Long Unwinding,Strong,Max Healthcare,Healthcare,mid,True,False,True,False,,
MCX,2026-05-26,2026-05-22,3280.7,3331.7,-1.53,3631250,-2831875,-43.82,6867,Long Unwinding,Moderate,MCX,Financial Services,mid,False,False,False,False,,
MFSL,2026-05-26,2026-05-22,1682.0,1628.4,3.29,3290400,-3096000,-48.48,9635,Short Covering,Strong,Max Financial Services,Financial Services,mid,False,False,False,False,,
MOTHERSON,2026-05-26,2026-05-22,136.39,136.93,-0.39,78338700,-39581400,-33.57,9040,Neutral,Weak,Samvardhana Motherson,Automobile,mid,False,False,False,False,,
MPHASIS,2026-05-26,2026-05-22,2231.4,2234.2,-0.13,2002550,-1122825,-35.93,6322,Neutral,Weak,Mphasis,Information Technology,mid,False,False,False,False,,
MUTHOOTFIN,2026-05-26,2026-05-22,3308.9,3281.8,0.83,1604350,-1032625,-39.16,6631,Short Covering,Moderate,Muthoot Finance,Financial Services,mid,False,False,True,False,,
NATIONALUM,2026-05-26,2026-05-22,409.0,405.9,0.76,21555000,-11968125,-35.7,8007,Short Covering,Moderate,National Aluminium,Metals & Mining,mid,False,False,False,False,,
NAUKRI,2026-05-26,2026-05-22,964.25,927.85,3.92,4676625,-4894875,-51.14,22550,Short Covering,Strong,Info Edge,Information Technology,large,False,False,True,False,,
NBCC,2026-05-26,2026-05-22,95.1,93.17,2.07,42867500,-22626500,-34.55,4544,Short Covering,Strong,NBCC,Infrastructure,mid,False,False,False,True,2026-05-25,0.0
NESTLEIND,2026-05-26,2026-05-22,1429.0,1404.7,1.73,3856500,-3622500,-48.44,9370,Short Covering,Moderate,Nestle India,Consumer Goods,large,True,False,False,False,,
NHPC,2026-05-26,2026-05-22,78.52,79.0,-0.61,33721600,-38636800,-53.4,8307,Neutral,Weak,NHPC,Power,mid,False,False,False,False,,
NMDC,2026-05-26,2026-05-22,88.04,88.39,-0.4,113541750,-130126500,-53.4,20200,Neutral,Weak,NMDC,Metals & Mining,mid,False,False,False,True,2026-05-29,4.0
NTPC,2026-05-26,2026-05-22,389.6,389.55,0.01,37134000,-21921000,-37.12,17654,Neutral,Weak,NTPC,Power,large,True,False,False,False,,
NYKAA,2026-05-26,2026-05-22,277.95,274.9,1.11,23662500,-13693750,-36.66,9704,Short Covering,Moderate,FSN E-Commerce,Consumer Goods,mid,False,False,True,False,,
OBEROIRLTY,2026-05-26,2026-05-22,1667.1,1657.6,0.57,3367700,-1702400,-33.58,6684,Neutral,Weak,Oberoi Realty,Real Estate,mid,False,False,False,False,,
OFSS,2026-05-26,2026-05-22,9538.0,9712.0,-1.79,325650,-323475,-49.83,7597,Long Unwinding,Moderate,Oracle Financial Services,Information Technology,large,False,False,True,False,,
ONGC,2026-05-26,2026-05-22,290.9,296.2,-1.79,28273500,-22653000,-44.48,12688,Long Unwinding,Moderate,ONGC,Oil & Gas,large,True,False,False,True,2026-05-26,1.0
PAGEIND,2026-05-26,2026-05-22,39530.0,38495.0,2.69,95745,-95760,-50.0,14740,Short Covering,Strong,Page Industries,Consumer Goods,mid,False,False,True,False,,
PAYTM,2026-05-26,2026-05-22,1114.5,1157.6,-3.72,6504700,-2477325,-27.58,9369,Long Unwinding,Strong,One97 Communications,Financial Services,mid,False,False,True,False,,
PERSISTENT,2026-05-26,2026-05-22,4988.1,5029.4,-0.82,1274900,-994500,-43.82,16974,Long Unwinding,Moderate,Persistent Systems,Information Technology,mid,False,False,False,False,,
PETRONET,2026-05-26,2026-05-22,272.8,270.55,0.83,13794000,-10096600,-42.26,7351,Short Covering,Moderate,Petronet LNG,Oil & Gas,mid,False,False,False,False,,
PFC,2026-05-26,2026-05-22,432.4,432.65,-0.06,24352900,-11549200,-32.17,13521,Neutral,Weak,Power Finance Corporation,Financial Services,large,False,False,True,False,,
PIDILITIND,2026-05-26,2026-05-22,1482.2,1472.1,0.69,3185500,-2283500,-41.75,5372,Neutral,Weak,Pidilite Industries,Chemicals,large,False,False,True,False,,
PIIND,2026-05-26,2026-05-22,2774.2,2730.5,1.6,1065225,-1096025,-50.71,9305,Short Covering,Moderate,PI Industries,Chemicals,mid,False,False,False,False,,
PNB,2026-05-26,2026-05-22,102.91,102.11,0.78,134232000,-56528000,-29.63,8368,Short Covering,Moderate,Punjab National Bank,Banking,mid,False,True,True,False,,
POLYCAB,2026-05-26,2026-05-22,9281.0,9210.0,0.77,976000,-325750,-25.02,4602,Short Covering,Moderate,Polycab India,Consumer Goods,large,False,False,False,False,,
POWERGRID,2026-05-26,2026-05-22,295.65,299.75,-1.37,15450800,-18960100,-55.1,12187,Long Unwinding,Moderate,Power Grid,Power,large,True,False,False,False,,
RBLBANK,2026-05-26,2026-05-22,335.15,330.15,1.51,33175575,-14465300,-30.36,6965,Short Covering,Moderate,RBL Bank,Banking,mid,False,True,False,False,,
RECLTD,2026-05-26,2026-05-22,337.35,334.45,0.87,38971800,-10969000,-21.96,9555,Short Covering,Moderate,REC,Financial Services,large,False,False,True,False,,
RELIANCE,2026-05-26,2026-05-22,1357.2,1351.1,0.45,32842500,-19454500,-37.2,44762,Neutral,Weak,Reliance Industries,Oil & Gas,large,True,False,False,False,,
SAIL,2026-05-26,2026-05-22,201.26,195.96,2.7,50125500,-45872000,-47.78,10049,Short Covering,Strong,Steel Authority of India,Metals & Mining,mid,False,False,True,False,,
SBICARD,2026-05-26,2026-05-22,621.2,619.1,0.34,5786400,-8648000,-59.91,13185,Neutral,Weak,SBI Cards,Financial Services,large,False,False,False,False,,
SBILIFE,2026-05-26,2026-05-22,1874.6,1858.3,0.88,2824125,-2031000,-41.83,8146,Short Covering,Moderate,SBI Life Insurance,Financial Services,large,True,False,False,False,,
SBIN,2026-05-26,2026-05-22,952.0,952.4,-0.04,44898000,-10664250,-19.19,20669,Neutral,Weak,State Bank of India,Banking,large,True,True,False,False,,
SHREECEM,2026-05-26,2026-05-22,24820.0,24650.0,0.69,114325,-171425,-59.99,8233,Neutral,Weak,Shree Cement,Cement,large,False,False,False,False,,
SHRIRAMFIN,2026-05-26,2026-05-22,943.2,916.55,2.91,16558575,-8478525,-33.86,13534,Short Covering,Strong,Shriram Finance,Financial Services,large,True,False,False,False,,
SIEMENS,2026-05-26,2026-05-22,3827.4,3724.5,2.76,1113700,-1005725,-47.45,9099,Short Covering,Strong,Siemens,Infrastructure,large,False,False,True,True,2026-05-26,1.0
SONACOMS,2026-05-26,2026-05-22,593.5,584.55,1.53,6641950,-4058425,-37.93,5211,Short Covering,Moderate,Sona BLW Precision,Automobile,mid,False,False,False,False,,
SRF,2026-05-26,2026-05-22,2642.6,2618.4,0.92,1701000,-1173000,-40.81,7884,Short Covering,Moderate,SRF,Chemicals,mid,False,False,False,False,,
SUNPHARMA,2026-05-26,2026-05-22,1846.6,1890.6,-2.33,11397400,-4090800,-26.41,22331,Long Unwinding,Strong,Sun Pharmaceutical,Pharmaceuticals,large,True,False,False,False,,
TATACONSUM,2026-05-26,2026-05-22,1185.5,1187.5,-0.17,5135900,-3799400,-42.52,7850,Neutral,Weak,Tata Consumer Products,Consumer Goods,large,True,False,True,False,,
TATAELXSI,2026-05-26,2026-05-22,4316.7,4229.1,2.07,662500,-373300,-36.04,5677,Short Covering,Strong,Tata Elxsi,Information Technology,mid,False,False,True,False,,
TATASTEEL,2026-05-26,2026-05-22,209.27,208.39,0.42,63016250,-38260750,-37.78,18642,Neutral,Weak,Tata Steel,Metals & Mining,large,True,False,False,False,,
TCS,2026-05-26,2026-05-22,2295.3,2298.3,-0.13,12359025,-9879450,-44.43,78282,Neutral,Weak,Tata Consultancy Services,Information Technology,large,True,False,False,False,,
TECHM,2026-05-26,2026-05-22,1417.5,1416.9,0.04,6060600,-6025800,-49.86,13318,Neutral,Weak,Tech Mahindra,Information Technology,large,True,False,False,False,,
TIINDIA,2026-05-26,2026-05-22,3018.8,3012.7,0.2,668800,-767400,-53.43,5470,Neutral,Weak,Tube Investments,Automobile,mid,False,False,False,False,,
TITAN,2026-05-26,2026-05-22,4089.8,4088.7,0.03,3450650,-1668975,-32.6,12189,Neutral,Weak,Titan Company,Consumer Goods,large,True,False,False,False,,
TMPV,2026-05-26,2026-05-22,363.2,361.65,0.43,19153600,-17999200,-48.45,37356,Neutral,Weak,Tata Motors Passenger Vehicles,Automobile and Auto Components,large,True,False,False,False,,
TORNTPHARM,2026-05-26,2026-05-22,4469.1,4447.3,0.49,891375,-920125,-50.79,9481,Neutral,Weak,Torrent Pharmaceuticals,Pharmaceuticals,mid,False,False,False,False,,
TRENT,2026-05-26,2026-05-22,4301.0,4172.7,3.07,1851000,-1768400,-48.86,26320,Short Covering,Strong,Trent,Consumer Services,large,True,False,False,False,,
TVSMOTOR,2026-05-26,2026-05-22,3427.8,3388.1,1.17,4369750,-1877925,-30.06,14245,Short Covering,Moderate,TVS Motor Company,Automobile,large,False,False,True,False,,
ULTRACEMCO,2026-05-26,2026-05-22,11599.0,11488.0,0.97,898400,-535100,-37.33,12667,Short Covering,Moderate,UltraTech Cement,Cement,large,True,False,False,False,,
UNIONBANK,2026-05-26,2026-05-22,161.26,160.22,0.65,57321450,-29612100,-34.06,9360,Neutral,Weak,Union Bank of India,Banking,mid,False,False,False,False,,
UNOMINDA,2026-05-26,2026-05-22,1090.9,1078.8,1.12,1324950,-1838100,-58.11,5382,Short Covering,Moderate,Uno Minda,Automobile,mid,False,False,False,False,,
UPL,2026-05-26,2026-05-22,635.05,628.8,0.99,14707170,-7993145,-35.21,8095,Short Covering,Moderate,UPL,Chemicals,large,False,False,True,False,,
VBL,2026-05-26,2026-05-22,539.85,521.1,3.6,16672500,-12169125,-42.19,21591,Short Covering,Strong,Varun Beverages,Consumer Goods,large,False,False,True,False,,
VEDL,2026-05-26,2026-05-22,330.0,328.75,0.38,20865600,-10459250,-33.39,14436,Neutral,Weak,Vedanta,Metals & Mining,large,False,False,True,False,,
VOLTAS,2026-05-26,2026-05-22,1268.6,1274.2,-0.44,4472250,-3000750,-40.15,10450,Neutral,Weak,Voltas,Consumer Goods,mid,False,False,False,False,,
WIPRO,2026-05-26,2026-05-22,202.91,198.45,2.25,144612000,-51465000,-26.25,36616,Short Covering,Strong,Wipro,Information Technology,large,True,False,False,False,,
YESBANK,2026-05-26,2026-05-22,21.93,21.61,1.48,441713300,-268019800,-37.76,10451,Short Covering,Moderate,Yes Bank,Banking,mid,False,False,False,False,,
ZYDUSLIFE,2026-05-26,2026-05-22,1039.15,1035.75,0.33,5112900,-3032100,-37.23,4249,Neutral,Weak,Zydus Lifesciences,Pharmaceuticals,large,False,False,False,False,,
